{"metadata":{"asset_id":"40670c8f-f28b-4490-b7eb-704647825823","asset_attributes":["data_asset"],"name":"dataset_desafio_2.csv","asset_type":"data_asset","created_at":"2020-08-22T14:15:28Z","description":"","origin_country":"us","owner_id":"IBMid-550008FMSA","project_id":"09f2b74c-9e3a-4fb0-b7c7-171649d21679","size":1520235,"tags":[],"usage":{"last_update_time":1598105729644,"last_updated_at":"2020-08-22T14:15:29Z"}},"entity":{"data_asset":{"mime_type":"text/csv","dataset":false}},"attachments":[{"id":"f26e9093-c56e-4204-ab5d-ae172eff926d","version":2,"asset_type":"data_asset","name":"dataset_desafio_2.csv","mime":"text/csv","datasource_type":"193a97c1-4475-4a19-b90c-295c4fdc6517","object_key":"dataset_desafio_2.csv","creator_id":"iam-ServiceId-f49c5558-c247-4983-a04f-7d3c7a3d55da","create_time":1598105729535,"size":1520235,"is_remote":false,"is_managed":false,"is_referenced":true,"is_object_key_read_only":false,"is_user_provided_path_key":true,"transfer_complete":true,"is_partitioned":false,"complete_time_ticks":1598105729535,"user_data":{},"test_doc":0,"handle":{"bucket":"behindthecode02-donotdelete-pr-m3mvumkv1ilmri","location":"ap-geo","key":"dataset_desafio_2.csv","upload_id":"done","max_part_num":1},"usage":{"access_count":0,"last_accessor_id":"iam-ServiceId-f49c5558-c247-4983-a04f-7d3c7a3d55da","last_access_time":1598105729535}}]}
