{"metadata":{"asset_id":"73d6b01a-2247-4589-94c0-8712cc7d90be","asset_attributes":["notebook"],"name":"parte-2","asset_type":"notebook","created_at":"2020-08-22T14:15:29Z","description":"","origin_country":"us","owner_id":"IBMid-550008FMSA","project_id":"09f2b74c-9e3a-4fb0-b7c7-171649d21679","size":26352,"tags":["notebook"],"usage":{"last_update_time":1598112878344,"last_updated_at":"2020-08-22T16:14:38Z"}},"entity":{"notebook":{"kernel":{"name":"python3","display_name":"Python 3.6","language":"python"},"originates_from":{"type":"file"},"runtime":{"environment":"conda2py36-09f2b74c-9e3a-4fb0-b7c7-171649d21679"}}},"attachments":[{"id":"f089f083-6417-44de-9cc9-7e1051322180","version":2,"asset_type":"notebook","name":"attachment for notebook 73d6b01a-2247-4589-94c0-8712cc7d90be","description":"attachment for notebook 73d6b01a-2247-4589-94c0-8712cc7d90be","mime":"application/json","datasource_type":"193a97c1-4475-4a19-b90c-295c4fdc6517","object_key":"notebook/parte-2_XvWXXx6YQ.ipynb","creator_id":"iam-ServiceId-9e68bc5f-c5f6-4f6f-8bcf-e57f47b9d1b1","create_time":1598105730383,"size":26352,"is_remote":false,"is_managed":false,"is_referenced":true,"is_object_key_read_only":false,"is_user_provided_path_key":true,"transfer_complete":true,"is_partitioned":false,"complete_time_ticks":1598105730383,"user_data":{},"test_doc":0,"handle":{"bucket":"behindthecode02-donotdelete-pr-m3mvumkv1ilmri","location":"ap-geo","key":"notebook/parte-2_XvWXXx6YQ.ipynb","upload_id":"done","max_part_num":1},"usage":{"access_count":0,"last_accessor_id":"iam-ServiceId-9e68bc5f-c5f6-4f6f-8bcf-e57f47b9d1b1","last_access_time":1598105730383}}]}
