{"metadata":{"asset_id":"714c8a0c-035d-40be-b922-68d73894e9e1","asset_attributes":["notebook"],"name":"classifier","asset_type":"notebook","created_at":"2020-08-22T14:20:14Z","description":"","origin_country":"us","owner_id":"IBMid-550008FMSA","project_id":"09f2b74c-9e3a-4fb0-b7c7-171649d21679","size":207,"tags":["notebook"],"usage":{"last_update_time":1598108664849,"last_updated_at":"2020-08-22T15:04:24Z"}},"entity":{"notebook":{"kernel":{"name":"python3","display_name":"Python 3.6","language":"python"},"originates_from":{"type":"blank"},"runtime":{"environment":"conda2py36-09f2b74c-9e3a-4fb0-b7c7-171649d21679"}}},"attachments":[{"id":"0f422881-de96-4254-8e9a-c17d1577c8c1","version":2,"asset_type":"notebook","name":"attachment for notebook 714c8a0c-035d-40be-b922-68d73894e9e1","description":"attachment for notebook 714c8a0c-035d-40be-b922-68d73894e9e1","mime":"application/json","datasource_type":"193a97c1-4475-4a19-b90c-295c4fdc6517","object_key":"notebook/classifier_brQbWCQ6V.ipynb","creator_id":"IBMid-550008FMSA","create_time":1598106014945,"size":207,"is_remote":false,"is_managed":false,"is_referenced":true,"is_object_key_read_only":false,"is_user_provided_path_key":true,"transfer_complete":true,"is_partitioned":false,"complete_time_ticks":1598106014945,"user_data":{},"test_doc":0,"handle":{"bucket":"behindthecode02-donotdelete-pr-m3mvumkv1ilmri","location":"ap-geo","key":"notebook/classifier_brQbWCQ6V.ipynb","upload_id":"done","max_part_num":1},"usage":{"access_count":0,"last_accessor_id":"IBMid-550008FMSA","last_access_time":1598106014945}}]}
